Market,Business Name,Address,Phone,Source,Listing URL
"Cataula, GA",Arbortech of Columbus,"8859 Chattsworth Rd Midland, GA 31820",(706) 561-2987,YellowPages,https://www.yellowpages.com/midland-ga/mip/arbortech-of-columbus-17515131
"Cataula, GA",Avery Tree Care,"1241 Double Churches Rd Columbus, GA 31904",(706) 366-0137,YellowPages,https://www.yellowpages.com/columbus-ga/mip/avery-tree-care-551808331
"Cataula, GA",Baby Girl Tree Service,"1727 Huffman Dr Columbus, GA 31907",(706) 563-3774,YellowPages,https://www.yellowpages.com/columbus-ga/mip/baby-girl-tree-service-466848473
"Cataula, GA",Barker's Joe Residential Tree Service,"6280 Crystal Dr Columbus, GA 31907",(706) 561-3007,YellowPages,https://www.yellowpages.com/columbus-ga/mip/barkers-joe-residential-tree-service-5765863
"Cataula, GA",Carden Tree Service,"5236 N Abbott Ave Columbus, GA 31904",(706) 323-4979,YellowPages,https://www.yellowpages.com/columbus-ga/mip/carden-tree-service-575771195
"Cataula, GA",Carden's Tree Service,"4716 11th Ave Columbus, GA 31904",(706) 323-4979,YellowPages,https://www.yellowpages.com/columbus-ga/mip/cardens-tree-service-12006832
"Cataula, GA",Columbus Trees,"3320 Flint Dr Columbus, GA 31907",(706) 468-3240,YellowPages,https://www.yellowpages.com/columbus-ga/mip/columbus-trees-559636665
"Cataula, GA",D&E Tree and Property Management,"54 Green St Waverly Hall, GA 31831",(706) 393-9672,YellowPages,https://www.yellowpages.com/waverly-hall-ga/mip/d-e-tree-and-property-management-567801169
"Cataula, GA",Diversified Trees Inc,"7279 Hamilton Pleasant Grove Rd Pine Mountain, GA 31822",(706) 663-0300,YellowPages,https://www.yellowpages.com/pine-mountain-ga/mip/diversified-trees-inc-9692600
"Cataula, GA",Duffey's Tree & Landscaping Management,"261 Blanchard Ave Pine Mountain, GA 31822",(706) 443-8110,YellowPages,https://www.yellowpages.com/pine-mountain-ga/mip/duffeys-tree-landscaping-management-570333610
"Cataula, GA",Elite Tree Service Inc,"7235 Stone Creek Ln Columbus, GA 31909",(706) 888-0336,YellowPages,https://www.yellowpages.com/columbus-ga/mip/elite-tree-service-inc-486955173
"Cataula, GA",Fortson Tree Company,"5930 Lower Blue Springs Rd Hamilton, GA 31811",(706) 330-8061,YellowPages,https://www.yellowpages.com/hamilton-ga/mip/fortson-tree-company-575565494
"Cataula, GA",Foster's Tree Service,"17 South Whisper Court, Columbus, GA 31909",(762) 332-8460,YellowPages,https://www.yellowpages.com/columbus-ga/mip/fosters-tree-service-2464111?lid=1002178109749
"Cataula, GA",G & G CNTRCTNG & Tree SVC,"647 Meadstone Dr Waverly Hall, GA 31831",(706) 582-2100,YellowPages,https://www.yellowpages.com/waverly-hall-ga/mip/g-g-cntrctng-tree-svc-549778711
"Cataula, GA",Golden Tree Service Inc,"8733 Veterans Pkwy Midland, GA 31820",(706) 561-3454,YellowPages,https://www.yellowpages.com/midland-ga/mip/golden-tree-service-inc-14756701
"Cataula, GA",Hall Tree Service,"6023 Crystal Dr Columbus, GA 31907",(706) 573-2244,YellowPages,https://www.yellowpages.com/columbus-ga/mip/hall-tree-service-464243790
"Cataula, GA",Martin's Tree Service,"Fortson 31808 Fortson, GA 31808",(706) 593-4853,YellowPages,https://www.yellowpages.com/fortson-ga/mip/martins-tree-service-458126635
"Cataula, GA",My Tree Guy Tree Service,"1215 Hut Rd Box Springs, GA 31801",(706) 718-1829,YellowPages,https://www.yellowpages.com/box-springs-ga/mip/my-tree-guy-tree-service-559726046
"Cataula, GA",Premiere Tree SVC-Columbus,"1639 Bradley Park Dr Columbus, GA 31904",(706) 748-8405,YellowPages,https://www.yellowpages.com/columbus-ga/mip/premiere-tree-svc-columbus-464652782
"Cataula, GA",Residential Tree Service and Landscape,"1525 49th St Columbus, GA 31904",(706) 681-3582,YellowPages,https://www.yellowpages.com/columbus-ga/mip/residential-tree-service-and-landscape-552585389
"Cataula, GA",Ron's Tree Service,"42 Orbit St Fortson, GA 31808",(706) 617-4979,YellowPages,https://www.yellowpages.com/fortson-ga/mip/rons-tree-service-471837205
"Cataula, GA",Strategic Land Management,"1320 Wynnton Rd Columbus, GA 31906",(888) 628-2229,YellowPages,https://www.yellowpages.com/columbus-ga/mip/strategic-land-management-576415384
"Cataula, GA",Tefft's Tree Service Inc.,"1208 20th St Columbus, GA 31901",(706) 322-0650,YellowPages,https://www.yellowpages.com/columbus-ga/mip/teffts-tree-service-inc-694717
"Cataula, GA",Tree Services Columbus GA,"3154 Williams Rd Columbus, GA 31909",(706) 460-1207,YellowPages,https://www.yellowpages.com/columbus-ga/mip/tree-services-columbus-ga-580090043
"Cataula, GA",Tree's Unlimited,"695 Holland Rd Cataula, GA 31804",(706) 323-2899,YellowPages,https://www.yellowpages.com/cataula-ga/mip/trees-unlimited-560351447
"Cataula, GA",Tree's Unlimited,"338 Pine Ct Waverly Hall, GA 31831",(706) 681-3280,YellowPages,https://www.yellowpages.com/waverly-hall-ga/mip/trees-unlimited-467867314
"Cataula, GA",Valley Stump & Tree Removal,"Columbus, GA 31904",(706) 332-4132,YellowPages,https://www.yellowpages.com/columbus-ga/mip/valley-stump-tree-removal-6039544
"Cataula, GA",Wikoff's Stump Grinding Service,"55 Lee Road 548 Phenix City, AL 36870",(334) 480-0441,YellowPages,https://www.yellowpages.com/phenix-city-al/mip/wikoffs-stump-grinding-service-9753395?lid=1002194176582
"Midland, GA",Arbor-Tek Tree Service,"5699 Georgia 240 Box Springs, GA 31801",(706) 566-9560,YellowPages,https://www.yellowpages.com/box-springs-ga/mip/arbor-tek-tree-service-565180141
"Midland, GA",Arbortech of Columbus,"8859 Chattsworth Rd Midland, GA 31820",(706) 561-2987,YellowPages,https://www.yellowpages.com/midland-ga/mip/arbortech-of-columbus-17515131
"Midland, GA",Avery Tree Care,"1241 Double Churches Rd Columbus, GA 31904",(706) 366-0137,YellowPages,https://www.yellowpages.com/columbus-ga/mip/avery-tree-care-551808331
"Midland, GA",Baby Girl Tree Service,"1727 Huffman Dr Columbus, GA 31907",(706) 563-3774,YellowPages,https://www.yellowpages.com/columbus-ga/mip/baby-girl-tree-service-466848473
"Midland, GA",Barker's Joe Residential Tree Service,"6280 Crystal Dr Columbus, GA 31907",(706) 561-3007,YellowPages,https://www.yellowpages.com/columbus-ga/mip/barkers-joe-residential-tree-service-5765863
"Midland, GA",Carden Tree Service,"5236 N Abbott Ave Columbus, GA 31904",(706) 323-4979,YellowPages,https://www.yellowpages.com/columbus-ga/mip/carden-tree-service-575771195
"Midland, GA",Carden's Tree Service,"4716 11th Ave Columbus, GA 31904",(706) 323-4979,YellowPages,https://www.yellowpages.com/columbus-ga/mip/cardens-tree-service-12006832
"Midland, GA",Childrens Tree House,"18 9th St Columbus, GA 31901",(706) 327-9612,YellowPages,https://www.yellowpages.com/columbus-ga/mip/childrens-tree-house-1025908
"Midland, GA",Columbus Trees,"3320 Flint Dr Columbus, GA 31907",(706) 468-3240,YellowPages,https://www.yellowpages.com/columbus-ga/mip/columbus-trees-559636665
"Midland, GA",D&E Tree and Property Management,"54 Green St Waverly Hall, GA 31831",(706) 393-9672,YellowPages,https://www.yellowpages.com/waverly-hall-ga/mip/d-e-tree-and-property-management-567801169
"Midland, GA",Elite Tree Service Inc,"7235 Stone Creek Ln Columbus, GA 31909",(706) 888-0336,YellowPages,https://www.yellowpages.com/columbus-ga/mip/elite-tree-service-inc-486955173
"Midland, GA",Fortson Tree Company,"5930 Lower Blue Springs Rd Hamilton, GA 31811",(706) 330-8061,YellowPages,https://www.yellowpages.com/hamilton-ga/mip/fortson-tree-company-575565494
"Midland, GA",Foster's Tree Service,"17 South Whisper Court, Columbus, GA 31909",(762) 332-8460,YellowPages,https://www.yellowpages.com/columbus-ga/mip/fosters-tree-service-2464111?lid=1002178109749
"Midland, GA",G & G CNTRCTNG & Tree SVC,"647 Meadstone Dr Waverly Hall, GA 31831",(706) 582-2100,YellowPages,https://www.yellowpages.com/waverly-hall-ga/mip/g-g-cntrctng-tree-svc-549778711
"Midland, GA",Golden Tree Service Inc,"8733 Veterans Pkwy Midland, GA 31820",(706) 561-3454,YellowPages,https://www.yellowpages.com/midland-ga/mip/golden-tree-service-inc-14756701
"Midland, GA",Hall Tree Service,"6023 Crystal Dr Columbus, GA 31907",(706) 573-2244,YellowPages,https://www.yellowpages.com/columbus-ga/mip/hall-tree-service-464243790
"Midland, GA",Johnson Tree Service,Serving the Midland Area,(706) 660-8366,YellowPages,https://www.yellowpages.com/nationwide/mip/johnson-tree-service-11705903
"Midland, GA",Martin's Tree Service,"Fortson 31808 Fortson, GA 31808",(706) 593-4853,YellowPages,https://www.yellowpages.com/fortson-ga/mip/martins-tree-service-458126635
"Midland, GA",My Tree Guy Tree Service,"1215 Hut Rd Box Springs, GA 31801",(706) 718-1829,YellowPages,https://www.yellowpages.com/box-springs-ga/mip/my-tree-guy-tree-service-559726046
"Midland, GA",Premiere Tree SVC-Columbus,"1639 Bradley Park Dr Columbus, GA 31904",(706) 748-8405,YellowPages,https://www.yellowpages.com/columbus-ga/mip/premiere-tree-svc-columbus-464652782
"Midland, GA",Residential Tree Service and Landscape,"1525 49th St Columbus, GA 31904",(706) 681-3582,YellowPages,https://www.yellowpages.com/columbus-ga/mip/residential-tree-service-and-landscape-552585389
"Midland, GA",Ron's Tree Service,"42 Orbit St Fortson, GA 31808",(706) 617-4979,YellowPages,https://www.yellowpages.com/fortson-ga/mip/rons-tree-service-471837205
"Midland, GA",Strategic Land Management,"1320 Wynnton Rd Columbus, GA 31906",(888) 628-2229,YellowPages,https://www.yellowpages.com/columbus-ga/mip/strategic-land-management-576415384
"Midland, GA",Tefft's Tree Service Inc.,"1208 20th St Columbus, GA 31901",(706) 322-0650,YellowPages,https://www.yellowpages.com/columbus-ga/mip/teffts-tree-service-inc-694717
"Midland, GA",Tree Services Columbus GA,"3154 Williams Rd Columbus, GA 31909",(706) 460-1207,YellowPages,https://www.yellowpages.com/columbus-ga/mip/tree-services-columbus-ga-580090043
"Midland, GA",Tree's Unlimited,"695 Holland Rd Cataula, GA 31804",(706) 323-2899,YellowPages,https://www.yellowpages.com/cataula-ga/mip/trees-unlimited-475606420
"Midland, GA",Tree's Unlimited,"338 Pine Ct Waverly Hall, GA 31831",(706) 681-3280,YellowPages,https://www.yellowpages.com/waverly-hall-ga/mip/trees-unlimited-467867314
"Midland, GA",Valley Stump & Tree Removal,"Columbus, GA 31904",(706) 332-4132,YellowPages,https://www.yellowpages.com/columbus-ga/mip/valley-stump-tree-removal-6039544
"Midland, GA",Wikoff's Stump Grinding Service,"55 Lee Road 548 Phenix City, AL 36870",(334) 480-0441,YellowPages,https://www.yellowpages.com/phenix-city-al/mip/wikoffs-stump-grinding-service-9753395?lid=1002194176582
"LaGrange, GA",Advance Tree Removal and Land Management,"141 Mallory Dr Lagrange, GA 30241",(706) 304-1466,YellowPages,https://www.yellowpages.com/lagrange-ga/mip/advance-tree-removal-and-land-management-571698768
"LaGrange, GA",Butler's Tree Service,"3039 County Road 289 Lanett, AL 36863",(334) 576-3333,YellowPages,https://www.yellowpages.com/lanett-al/mip/butlers-tree-service-24946256
"LaGrange, GA",Diversified Trees Inc,"7279 Hamilton Pleasant Grove Rd Pine Mountain, GA 31822",(706) 663-0300,YellowPages,https://www.yellowpages.com/pine-mountain-ga/mip/diversified-trees-inc-9692600
"LaGrange, GA",Duffey's Tree & Landscaping Management,"261 Blanchard Ave Pine Mountain, GA 31822",(706) 443-8110,YellowPages,https://www.yellowpages.com/pine-mountain-ga/mip/duffeys-tree-landscaping-management-570333610
"LaGrange, GA",Foster's Tree Service,"316 New Airport Rd Lagrange, GA 30240",(706) 882-9790,YellowPages,https://www.yellowpages.com/lagrange-ga/mip/fosters-tree-service-549974363
"LaGrange, GA",Good Ole Boyz Tree Service LLC,"Lagrange, GA 30241",(706) 756-7418,YellowPages,https://www.yellowpages.com/lagrange-ga/mip/good-ole-boyz-tree-service-llc-520447131
"LaGrange, GA",M & T Tree Service,"219 Sivell Rd LaGrange, GA 30241",(706) 333-8338,YellowPages,https://www.yellowpages.com/lagrange-ga/mip/m-t-tree-service-501121113
"LaGrange, GA",Matt White's Tree Service,"1008 S 3rd St Lanett, AL 36863",(706) 590-1035,YellowPages,https://www.yellowpages.com/lanett-al/mip/matt-whites-tree-service-503728194
"LaGrange, GA",P & S Tree Service,Serving the Lagrange Area,(706) 523-0094,YellowPages,https://www.yellowpages.com/nationwide/mip/p-s-tree-service-454056180
"LaGrange, GA",Professional Tree Surgeons,"100 W Gate Dr Lagrange, GA 30240",(706) 884-7746,YellowPages,https://www.yellowpages.com/lagrange-ga/mip/professional-tree-surgeons-468004052
"LaGrange, GA",Roblero Tree Service LLC,"Lagrange, GA 30241",(706) 203-2142,YellowPages,https://www.yellowpages.com/lagrange-ga/mip/roblero-tree-service-llc-573448406
"LaGrange, GA",Scott's  Stump &  Tree Removal Services,"1393 N Davis Rd Lagrange, GA 30241",(706) 412-0764,YellowPages,https://www.yellowpages.com/lagrange-ga/mip/scotts-stump-tree-removal-services-550647900
"LaGrange, GA",Scott's Stump Grinding,"Lagrange, GA 30241",(706) 412-0764,YellowPages,https://www.yellowpages.com/lagrange-ga/mip/scotts-stump-grinding-544894239
"LaGrange, GA",Scott's Stump and Tree Removal,"27 Lower Big Springs Rd Lagrange, GA 30241",(706) 412-0764,YellowPages,https://www.yellowpages.com/lagrange-ga/mip/scotts-stump-and-tree-removal-457049242
"LaGrange, GA",Snodgrass Outdoor Solutions and Tree Service,"106 Sweetwater Dr Lagrange, GA 30240",(706) 298-9433,YellowPages,https://www.yellowpages.com/lagrange-ga/mip/snodgrass-outdoor-solutions-and-tree-service-472721395
"LaGrange, GA",Tree of Life Incorporated,"2451 W Point Rd Lagrange, GA 30240",(706) 333-8728,YellowPages,https://www.yellowpages.com/lagrange-ga/mip/tree-of-life-incorporated-553644481
"LaGrange, GA",Tree of Life in Home Care,"120 Peter St Lagrange, GA 30240",(706) 239-1858,YellowPages,https://www.yellowpages.com/lagrange-ga/mip/tree-of-life-in-home-care-579920274
"Pine Mountain, GA",A1 Tree Service,"Columbus, GA 31904",(706) 587-1200,YellowPages,https://www.yellowpages.com/columbus-ga/mip/a1-tree-service-17173542
"Pine Mountain, GA",Bears Branched Out Tree Service,Serving the Pine Mountain Area,(706) 505-3691,YellowPages,https://www.yellowpages.com/nationwide/mip/bears-branched-out-tree-service-579027691
"Pine Mountain, GA",Billy's Tree Service,Serving the Pine Mountain Area,(706) 393-2840,YellowPages,https://www.yellowpages.com/nationwide/mip/billys-tree-service-451067031
"Pine Mountain, GA",Blalock Stump Grinding Service,"Columbus, GA 31907",(706) 332-5486,YellowPages,https://www.yellowpages.com/columbus-ga/mip/blalock-stump-grinding-service-9591787
"Pine Mountain, GA",Broken Branch Tree Service,Serving the Pine Mountain Area,(706) 573-4636,YellowPages,https://www.yellowpages.com/nationwide/mip/broken-branch-tree-service-560213161
"Pine Mountain, GA",D&E Tree and Property Management,"54 Green St Waverly Hall, GA 31831",(706) 393-9672,YellowPages,https://www.yellowpages.com/waverly-hall-ga/mip/d-e-tree-and-property-management-567801169
"Pine Mountain, GA",Diversified Trees Inc,"7279 Hamilton Pleasant Grove Rd Pine Mountain, GA 31822",(706) 663-0300,YellowPages,https://www.yellowpages.com/pine-mountain-ga/mip/diversified-trees-inc-9692600
"Pine Mountain, GA",Duffey's Tree & Landscaping Management,"261 Blanchard Ave Pine Mountain, GA 31822",(706) 443-8110,YellowPages,https://www.yellowpages.com/pine-mountain-ga/mip/duffeys-tree-landscaping-management-570333610
"Pine Mountain, GA",E & J Tree Service,Serving the Pine Mountain Area,(706) 718-6568,YellowPages,https://www.yellowpages.com/nationwide/mip/e-j-tree-service-471027240
"Pine Mountain, GA",Elite Tree Service Inc.,Serving the Pine Mountain Area,(706) 888-0336,YellowPages,https://www.yellowpages.com/nationwide/mip/elite-tree-service-inc-22695493
"Pine Mountain, GA",Fortson Tree Company,"5930 Lower Blue Springs Rd Hamilton, GA 31811",(706) 330-8061,YellowPages,https://www.yellowpages.com/hamilton-ga/mip/fortson-tree-company-575565494
"Pine Mountain, GA",Foster's Tree Service,"17 South Whisper Court, Columbus, GA 31909",(762) 332-8460,YellowPages,https://www.yellowpages.com/columbus-ga/mip/fosters-tree-service-2464111?lid=1002178109749
"Pine Mountain, GA",G & G Contracting and Tree Service,"1369 Cold Springs Rd Pine Mountain, GA 31822",(706) 326-0310,YellowPages,https://www.yellowpages.com/pine-mountain-ga/mip/g-g-contracting-and-tree-service-551318971
"Pine Mountain, GA",Gilbert's Tree Service,Serving the Pine Mountain Area,(706) 573-1712,YellowPages,https://www.yellowpages.com/nationwide/mip/gilberts-tree-service-2371861
"Pine Mountain, GA",Haden's Services,Serving the Pine Mountain Area,(706) 984-1428,YellowPages,https://www.yellowpages.com/nationwide/mip/hadens-services-560213600
"Pine Mountain, GA",J & M Tree Service,"Columbus, GA 31901",(706) 566-2481,YellowPages,https://www.yellowpages.com/columbus-ga/mip/j-m-tree-service-10191932
"Pine Mountain, GA",J & W Tree Service,Serving the Pine Mountain Area,(706) 304-2130,YellowPages,https://www.yellowpages.com/nationwide/mip/j-w-tree-service-474373690
"Pine Mountain, GA",Johnson Tree Service,Serving the Pine Mountain Area,(706) 660-8366,YellowPages,https://www.yellowpages.com/nationwide/mip/johnson-tree-service-11705903
"Pine Mountain, GA",Linander's Tree Service,Serving the Pine Mountain Area,(706) 535-5199,YellowPages,https://www.yellowpages.com/nationwide/mip/linanders-tree-service-15011231
"Pine Mountain, GA",Martins Tree Service,Serving the Pine Mountain Area,(706) 405-6184,YellowPages,https://www.yellowpages.com/nationwide/mip/martins-tree-service-467506568
"Pine Mountain, GA",Muscogee Tree Service,Serving the Pine Mountain Area,(706) 561-2987,YellowPages,https://www.yellowpages.com/nationwide/mip/muscogee-tree-service-16707369
"Pine Mountain, GA",R&C Tree Service LLC,"Pine Mountain, GA 31822",(706) 536-9857,YellowPages,https://www.yellowpages.com/pine-mountain-ga/mip/r-c-tree-service-llc-575654880
"Pine Mountain, GA",Ron's Tree Service,Serving the Pine Mountain Area,(706) 617-4979,YellowPages,https://www.yellowpages.com/nationwide/mip/rons-tree-service-503129231
"Pine Mountain, GA",Strickland Tree Service,Serving the Pine Mountain Area,(706) 289-9342,YellowPages,https://www.yellowpages.com/nationwide/mip/strickland-tree-service-560188934
"Pine Mountain, GA",Tree MD LLC Local Tree Care,"Columbus, GA 31909",(334) 614-1464,YellowPages,https://www.yellowpages.com/columbus-ga/mip/tree-md-llc-local-tree-care-572743265
"Pine Mountain, GA",Tree's Unlimited,Serving the Pine Mountain Area,(706) 323-2899,YellowPages,https://www.yellowpages.com/cataula-ga/mip/trees-unlimited-560351447
"Pine Mountain, GA",Trees Big Truck Tree Service,"2390 Chalybeate Rd Manchester, GA 31816",(706) 846-9633,YellowPages,https://www.yellowpages.com/manchester-ga/mip/trees-big-truck-tree-service-13654744
"Pine Mountain, GA",Valley Stump & Tree Removal,"Columbus, GA 31904",(706) 332-4132,YellowPages,https://www.yellowpages.com/columbus-ga/mip/valley-stump-tree-removal-6039544
"Pine Mountain, GA",Wikoff's Stump Grinding Service,"55 Lee Road 548 Phenix City, AL 36870",(334) 480-0441,YellowPages,https://www.yellowpages.com/phenix-city-al/mip/wikoffs-stump-grinding-service-9753395?lid=1002194176582
"Pine Mountain, GA",Yardworx Land Management,"Waverly Hall, GA 31831",(706) 877-4853,YellowPages,https://www.yellowpages.com/waverly-hall-ga/mip/yardworx-land-management-579056016
"Atlanta, GA",404 Tree Men,"2131 Liddell Dr NE Atlanta, GA 30324",(404) 873-3636,YellowPages,https://www.yellowpages.com/atlanta-ga/mip/404-tree-men-458286755
"Atlanta, GA",A & V Tree Cutting Service LLC,"5640 Windwood Rd Atlanta, GA 30349",(470) 205-9884,YellowPages,https://www.yellowpages.com/atlanta-ga/mip/a-v-tree-cutting-service-llc-532232455
"Atlanta, GA",Abtrees.Com,"3195 Olde Dekalb Way Atlanta, GA 30340",(678) 383-4992,YellowPages,https://www.yellowpages.com/atlanta-ga/mip/abtrees-com-450943441
"Atlanta, GA",Appleseed Tree Service,"3033 Memorial Dr SE Atlanta, GA 30317",(404) 378-2774,YellowPages,https://www.yellowpages.com/atlanta-ga/mip/appleseed-tree-service-462287982
"Atlanta, GA",Arbor Tree Care,"1776 Peachtree St NW Atlanta, GA 30309",(678) 264-6949,YellowPages,https://www.yellowpages.com/atlanta-ga/mip/arbor-tree-care-522984460
"Atlanta, GA",Atlanta Area Tree Service,"1572 Alder Ct SE Atlanta, GA 30317",(404) 914-8367,YellowPages,https://www.yellowpages.com/atlanta-ga/mip/atlanta-area-tree-service-473494392
"Atlanta, GA",Atlanta Tree Expert Company,"1600 Chattahoochee Avenue Atlanta, GA 30318",(404) 788-9000,YellowPages,https://www.yellowpages.com/atlanta-ga/mip/atlanta-tree-expert-company-561482836
"Atlanta, GA",Atlantic Restoration Services,"1600 Chattahoochee Ave NW, Atlanta, GA 30325",(404) 369-0524,YellowPages,https://www.yellowpages.com/atlanta-ga/mip/atlantic-restoration-services-467627415?lid=1002194328637
"Atlanta, GA",Bartlett Tree Experts,Serving the Atlanta area.,(877) 905-5156,YellowPages,https://www.yellowpages.com/nationwide/mip/bartlett-tree-experts-575567518?lid=1002188835809
"Atlanta, GA","Bartlett Tree Experts - Marietta, GA","Marietta, GA 30066",(470) 994-9618,YellowPages,https://www.yellowpages.com/marietta-ga/mip/bartlett-tree-experts-marietta-ga-578189177?lid=1002193412197
"Atlanta, GA","Bartlett Tree Experts - Tucker, GA","3524 - A Lawrenceville Hwy Tucker, GA 30084",(770) 872-7059,YellowPages,https://www.yellowpages.com/tucker-ga/mip/bartlett-tree-experts-tucker-ga-574298387?lid=1002192978691
"Atlanta, GA",Beaver Tree Services,"Atlanta, GA 30345",(678) 578-4582,YellowPages,https://www.yellowpages.com/atlanta-ga/mip/beaver-tree-services-495508786?lid=1002194701236
"Atlanta, GA","Boutte Tree, Inc.","2158 Bolton Rd NW Atlanta, GA 30318",(404) 799-5472,YellowPages,https://www.yellowpages.com/atlanta-ga/mip/boutte-tree-inc-4785813
"Atlanta, GA",Chop Chop Tree,"675 Metropolitan Pkwy SW Ste 4000 Atlanta, GA 30310",(678) 245-4737,YellowPages,https://www.yellowpages.com/atlanta-ga/mip/chop-chop-tree-521164546
"Atlanta, GA",Cortez Tree Removal,"2448 Beverly Hills Dr Atlanta, GA 30341",(470) 312-6064,YellowPages,https://www.yellowpages.com/atlanta-ga/mip/cortez-tree-removal-567485252
"Atlanta, GA",Cowart Tree Experts Inc,"4971 Shiloh Rd Cumming, GA 30040",(770) 901-2734,YellowPages,https://www.yellowpages.com/cumming-ga/mip/cowart-tree-experts-inc-542041695?lid=1002106211586
"Atlanta, GA",Evans Tree Work LLC,Serving the Atlanta Area,(270) 558-1286,YellowPages,https://www.yellowpages.com/ledbetter-ky/mip/evans-tree-work-llc-546728152?lid=1002108022097
"Atlanta, GA","Evans Tree Work, LLC",Serving the Atlanta Area,(270) 816-1580,YellowPages,https://www.yellowpages.com/nationwide/mip/evans-tree-work-llc-472903913?lid=1002194178608
"Atlanta, GA",Fast Tree Removal Services Atlanta,"3379 Peachtree Rd NE Ste 555a Atlanta, GA 30326",(404) 220-9965,YellowPages,https://www.yellowpages.com/atlanta-ga/mip/fast-tree-removal-services-atlanta-505088117
"Atlanta, GA",Green Year Landscaping,"Cumming, GA 30040",(470) 768-7297,YellowPages,https://www.yellowpages.com/cumming-ga/mip/green-year-landscaping-580148168?lid=1002194701224
"Atlanta, GA",Gunnison Tree Specialists Inc,"4960 Plant Atkinson Rd SE Atlanta, GA 30339",(404) 351-8929,YellowPages,https://www.yellowpages.com/atlanta-ga/mip/gunnison-tree-specialists-inc-550946353
"Atlanta, GA",Howison Tree Svc,"252 Nelson St SW Atlanta, GA 30303",(404) 509-3023,YellowPages,https://www.yellowpages.com/atlanta-ga/mip/howison-tree-svc-5204559
"Atlanta, GA",Lawns & Trees R US,"P O Box 91857 Atlanta, GA 30344",(404) 438-6298,YellowPages,https://www.yellowpages.com/atlanta-ga/mip/lawns-trees-r-us-544235595
"Atlanta, GA",Northside Tree Professionals,"3116 Chestnut Dr Ste 102 Atlanta, GA 30340",(770) 394-0905,YellowPages,https://www.yellowpages.com/atlanta-ga/mip/northside-tree-professionals-550037005
"Atlanta, GA",Premiere Tree Services of Atlanta,"1401 Peachtree St NE Ste 500 Atlanta, GA 30309",(404) 369-1149,YellowPages,https://www.yellowpages.com/atlanta-ga/mip/premiere-tree-services-of-atlanta-11251388
"Atlanta, GA",Rodriguez Trees,"1202 Calibre Springs Way Atlanta, GA 30342",(404) 985-1018,YellowPages,https://www.yellowpages.com/atlanta-ga/mip/rodriguez-trees-519515456
"Atlanta, GA",Tree Stump Masters,"2971 Vinings Forest Way SE Atlanta, GA 30339",(770) 815-8733,YellowPages,https://www.yellowpages.com/atlanta-ga/mip/tree-stump-masters-494532622
"Atlanta, GA",Treexpertatlanta,"303 Perimeter Ctr N Atlanta, GA 30346",(470) 588-5339,YellowPages,https://www.yellowpages.com/atlanta-ga/mip/treexpertatlanta-575570279
"Atlanta, GA",Urban Tree Cidery,"1465 Howell Mill Rd NW Atlanta, GA 30318",(404) 855-5546,YellowPages,https://www.yellowpages.com/atlanta-ga/mip/urban-tree-cidery-524875893
"Atlanta, GA",Yellow Ribbon Tree Experts,Serving the Atlanta area.,(678) 585-2487,YellowPages,https://www.yellowpages.com/nationwide/mip/yellow-ribbon-tree-experts-561190383?lid=1002194205545
